username1,username2
cindy,belinda
chris,belinda
steven,belinda
frank,belinda
gellert,belinda
henry,belinda
lily,belinda
jacob,belinda
rory,belinda
lary,belinda
mary,belinda
nancy,belinda
jessie,belinda
steph,belinda
calvin,belinda
mario,belinda
peter,belinda
raoul,belinda
brian,belinda
conner,belinda
mustafa,belinda
tohsaka,belinda
mychul,belinda
billy,belinda
tom,belinda
kyle,belinda
sally,belinda
sharon,belinda
belinda,bob
cindy,bob
chris,bob
steven,bob
frank,bob
gellert,bob
henry,bob
lily,bob
jacob,bob
rory,bob
lary,bob
mary,bob
nancy,bob
jessie,bob
steph,bob
calvin,bob
mario,bob
peter,bob
raoul,bob
brian,bob
conner,bob
mustafa,bob
tohsaka,bob
mychul,bob
billy,bob
tom,bob
kyle,bob
sally,bob
sharon,bob
lary,steven
jessie,tohsaka
jacob,tohsaka
mustafa,mychul
kyle,cindy
kyle,chris
kyle,steven
kyle,frank
kyle,gellert
kyle,henry
kyle,lily
kyle,jacob
kyle,rory
kyle,lary
kyle,mary
kyle,nancy
kyle,jessie
kyle,steph
kyle,calvin
kyle,mario
kyle,peter
kyle,raoul
kyle,brian
kyle,conner
kyle,mustafa
kyle,tohsaka
kyle,mychul
kyle,billy
kyle,tom
kyle,sally
kyle,sharon
